{
  "feature_names": [
    "tempo",
    "energy",
    "zero_crossing_rate",
    "spectral_centroid",
    "spectral_rolloff",
    "mfcc_1",
    "mfcc_2",
    "chroma_mean",
    "chroma_std",
    "primary_artist_popularity",
    "max_artist_popularity",
    "monthly_listeners"
  ],
  "scaler": {
    "min": [
      57.421875,
      0.0240957401692867,
      0.0212474149816176,
      873.7821517325316,
      1628.6609850431746,
      -268.3971939086914,
      40.46093273162844,
      0.2023047655820846,
      0.2788441777229309,
      60.0,
      63.5,
      1225120.0
    ],
    "max": [
      190.921922444332,
      0.39362435787916183,
      0.14602774510811717,
      3321.3927444532587,
      7403.859396541819,
      28.349082946777344,
      154.70079326629636,
      0.5313470810651779,
      0.3293657898902893,
      100.0,
      100.0,
      135026913.0
    ],
    "span": [
      133.500047444332,
      0.3695286177098751,
      0.12478033012649957,
      2447.6105927207273,
      5775.198411498644,
      296.74627685546875,
      114.23986053466791,
      0.3290423154830933,
      0.0505216121673584,
      40.0,
      36.5,
      133801793.0
    ]
  }
}